<?xml version="1.0" encoding="UTF-8"?>
<module codename="org.netbeans.core.netigso">
    <module_version install_time="1360796551887" last="true" origin="installer" specification_version="1.20.1">
        <file crc="3723901005" name="config/Modules/org-netbeans-core-netigso.xml"/>
        <file crc="3922362103" name="modules/locale/org-netbeans-core-netigso_ja.jar"/>
        <file crc="3124061767" name="modules/locale/org-netbeans-core-netigso_pt_BR.jar"/>
        <file crc="2295827210" name="modules/locale/org-netbeans-core-netigso_ru.jar"/>
        <file crc="2944107017" name="modules/locale/org-netbeans-core-netigso_zh_CN.jar"/>
        <file crc="401674197" name="modules/org-netbeans-core-netigso.jar"/>
    </module_version>
</module>
