<?xml version="1.0" encoding="UTF-8" standalone="no"?>
<module codename="org.openide.nodes">
    <module_version install_time="1360796422918" last="false" origin="installer" specification_version="7.33.1">
        <file crc="11361373" name="config/ModuleAutoDeps/org-openide-nodes.xml"/>
        <file crc="3092369940" name="config/Modules/org-openide-nodes.xml"/>
        <file crc="2779608629" name="modules/locale/org-openide-nodes_ja.jar"/>
        <file crc="1307056727" name="modules/locale/org-openide-nodes_pt_BR.jar"/>
        <file crc="3792525805" name="modules/locale/org-openide-nodes_ru.jar"/>
        <file crc="2729440781" name="modules/locale/org-openide-nodes_zh_CN.jar"/>
        <file crc="2140746829" name="modules/org-openide-nodes.jar"/>
    </module_version>
    <module_version install_time="1392147807314" last="true" origin="NetBeans Distribution" specification_version="7.33.2">
        <file crc="11361373" name="config/ModuleAutoDeps/org-openide-nodes.xml"/>
        <file crc="3092369940" name="config/Modules/org-openide-nodes.xml"/>
        <file crc="1116394627" name="modules/locale/org-openide-nodes_ja.jar"/>
        <file crc="1183628942" name="modules/locale/org-openide-nodes_pt_BR.jar"/>
        <file crc="556370756" name="modules/locale/org-openide-nodes_ru.jar"/>
        <file crc="4261933875" name="modules/locale/org-openide-nodes_zh_CN.jar"/>
        <file crc="2849152909" name="modules/org-openide-nodes.jar"/>
    </module_version>
</module>
