<?xml version="1.0" encoding="UTF-8"?>
<module codename="org.netbeans.libs.felix">
    <module_version install_time="1360795061183" last="true" origin="installer" specification_version="2.6.1">
        <file crc="1327048437" name="config/Modules/org-netbeans-libs-felix.xml"/>
        <file crc="96787087" name="modules/ext/felix-4.0.2.jar"/>
        <file crc="3510938516" name="modules/locale/org-netbeans-libs-felix_ja.jar"/>
        <file crc="1579682857" name="modules/locale/org-netbeans-libs-felix_pt_BR.jar"/>
        <file crc="1986601109" name="modules/locale/org-netbeans-libs-felix_ru.jar"/>
        <file crc="4270391883" name="modules/locale/org-netbeans-libs-felix_zh_CN.jar"/>
        <file crc="596318569" name="modules/org-netbeans-libs-felix.jar"/>
    </module_version>
</module>
