<?xml version="1.0" encoding="UTF-8" standalone="no"?>
<module codename="org.netbeans.core.startup/1">
    <module_version install_time="1360796528817" last="false" origin="installer" specification_version="1.47.1">
        <file crc="2122487653" name="core/core.jar"/>
        <file crc="2167847045" name="core/locale/core_ja.jar"/>
        <file crc="2842289077" name="core/locale/core_pt_BR.jar"/>
        <file crc="2087628940" name="core/locale/core_ru.jar"/>
        <file crc="731031491" name="core/locale/core_zh_CN.jar"/>
    </module_version>
    <module_version install_time="1392147802705" last="true" origin="NetBeans Distribution" specification_version="1.47.2">
        <file crc="1684675580" name="core/core.jar"/>
        <file crc="3406338729" name="core/locale/core_ja.jar"/>
        <file crc="3026114764" name="core/locale/core_pt_BR.jar"/>
        <file crc="426486004" name="core/locale/core_ru.jar"/>
        <file crc="3227549027" name="core/locale/core_zh_CN.jar"/>
    </module_version>
</module>
