<?xml version="1.0" encoding="UTF-8" standalone="no"?>
<module codename="org.openide.text">
    <module_version install_time="1360796585701" last="false" origin="installer" specification_version="6.54.1">
        <file crc="2441864466" name="config/ModuleAutoDeps/org-openide-text.xml"/>
        <file crc="1795978028" name="config/Modules/org-openide-text.xml"/>
        <file crc="1025261308" name="modules/locale/org-openide-text_ja.jar"/>
        <file crc="4065592975" name="modules/locale/org-openide-text_pt_BR.jar"/>
        <file crc="1250418080" name="modules/locale/org-openide-text_ru.jar"/>
        <file crc="2719787521" name="modules/locale/org-openide-text_zh_CN.jar"/>
        <file crc="3506066284" name="modules/org-openide-text.jar"/>
    </module_version>
    <module_version install_time="1392147808166" last="true" origin="NetBeans Distribution" specification_version="6.54.2">
        <file crc="2441864466" name="config/ModuleAutoDeps/org-openide-text.xml"/>
        <file crc="1795978028" name="config/Modules/org-openide-text.xml"/>
        <file crc="517780895" name="modules/locale/org-openide-text_ja.jar"/>
        <file crc="2416711371" name="modules/locale/org-openide-text_pt_BR.jar"/>
        <file crc="412850638" name="modules/locale/org-openide-text_ru.jar"/>
        <file crc="2412131583" name="modules/locale/org-openide-text_zh_CN.jar"/>
        <file crc="2128968279" name="modules/org-openide-text.jar"/>
    </module_version>
</module>
