<?xml version="1.0" encoding="UTF-8" standalone="no"?>
<module codename="org.netbeans.modules.netbinox">
    <module_version install_time="1360796555733" last="false" origin="installer" specification_version="1.29.1">
        <file crc="3482404302" name="config/Modules/org-netbeans-modules-netbinox.xml"/>
        <file crc="1507257544" name="modules/ext/org.eclipse.osgi_3.8.0.v20120529-1548.jar"/>
        <file crc="2387299141" name="modules/locale/org-netbeans-modules-netbinox_ja.jar"/>
        <file crc="789251291" name="modules/locale/org-netbeans-modules-netbinox_pt_BR.jar"/>
        <file crc="2146616112" name="modules/locale/org-netbeans-modules-netbinox_ru.jar"/>
        <file crc="3332980984" name="modules/locale/org-netbeans-modules-netbinox_zh_CN.jar"/>
        <file crc="517749378" name="modules/org-netbeans-modules-netbinox.jar"/>
    </module_version>
    <module_version install_time="1392147806289" last="true" origin="NetBeans Distribution" specification_version="1.29.2">
        <file crc="3482404302" name="config/Modules/org-netbeans-modules-netbinox.xml"/>
        <file crc="1507257544" name="modules/ext/org.eclipse.osgi_3.8.0.v20120529-1548.jar"/>
        <file crc="415764055" name="modules/locale/org-netbeans-modules-netbinox_ja.jar"/>
        <file crc="3273944207" name="modules/locale/org-netbeans-modules-netbinox_pt_BR.jar"/>
        <file crc="3041898531" name="modules/locale/org-netbeans-modules-netbinox_ru.jar"/>
        <file crc="4025430693" name="modules/locale/org-netbeans-modules-netbinox_zh_CN.jar"/>
        <file crc="1145270964" name="modules/org-netbeans-modules-netbinox.jar"/>
    </module_version>
</module>
