<?xml version="1.0" encoding="UTF-8"?>
<module codename="org.netbeans.modules.queries/1">
    <module_version install_time="1360796264620" last="true" origin="installer" specification_version="1.32.1">
        <file crc="28992633" name="config/ModuleAutoDeps/org-netbeans-modules-queries.xml"/>
        <file crc="4168841736" name="config/Modules/org-netbeans-modules-queries.xml"/>
        <file crc="685568667" name="modules/locale/org-netbeans-modules-queries_ja.jar"/>
        <file crc="1235607115" name="modules/locale/org-netbeans-modules-queries_pt_BR.jar"/>
        <file crc="945268613" name="modules/locale/org-netbeans-modules-queries_ru.jar"/>
        <file crc="2834683939" name="modules/locale/org-netbeans-modules-queries_zh_CN.jar"/>
        <file crc="1948960191" name="modules/org-netbeans-modules-queries.jar"/>
    </module_version>
</module>
