<?xml version="1.0" encoding="UTF-8"?>
<module codename="org.netbeans.libs.testng/1">
    <module_version install_time="1360795136634" last="true" origin="installer" specification_version="1.4.1">
        <file crc="1204579547" name="config/Modules/org-netbeans-libs-testng.xml"/>
        <file crc="3115247546" name="docs/testng-6.5.1-javadoc.zip"/>
        <file crc="27761222" name="modules/ext/testng-6.5.1-dist.jar"/>
        <file crc="1275403975" name="modules/locale/org-netbeans-libs-testng_ja.jar"/>
        <file crc="2773404558" name="modules/locale/org-netbeans-libs-testng_pt_BR.jar"/>
        <file crc="1050274275" name="modules/locale/org-netbeans-libs-testng_ru.jar"/>
        <file crc="731853554" name="modules/locale/org-netbeans-libs-testng_zh_CN.jar"/>
        <file crc="882973185" name="modules/org-netbeans-libs-testng.jar"/>
    </module_version>
</module>
