<?xml version="1.0" encoding="UTF-8"?>
<module codename="org.netbeans.api.progress/1">
    <module_version install_time="1360796223152" last="true" origin="installer" specification_version="1.32.1">
        <file crc="1605883752" name="config/Modules/org-netbeans-api-progress.xml"/>
        <file crc="3842983056" name="modules/locale/org-netbeans-api-progress_ja.jar"/>
        <file crc="47087521" name="modules/locale/org-netbeans-api-progress_pt_BR.jar"/>
        <file crc="429929219" name="modules/locale/org-netbeans-api-progress_ru.jar"/>
        <file crc="4269245297" name="modules/locale/org-netbeans-api-progress_zh_CN.jar"/>
        <file crc="1348776282" name="modules/org-netbeans-api-progress.jar"/>
    </module_version>
</module>
