<?xml version="1.0" encoding="UTF-8"?>
<module codename="org.netbeans.modules.progress.ui">
    <module_version install_time="1360799999986" last="true" origin="installer" specification_version="1.23.1">
        <file crc="3222128542" name="config/Modules/org-netbeans-modules-progress-ui.xml"/>
        <file crc="451385437" name="modules/locale/org-netbeans-modules-progress-ui_ja.jar"/>
        <file crc="1045228703" name="modules/locale/org-netbeans-modules-progress-ui_pt_BR.jar"/>
        <file crc="651285428" name="modules/locale/org-netbeans-modules-progress-ui_ru.jar"/>
        <file crc="565152236" name="modules/locale/org-netbeans-modules-progress-ui_zh_CN.jar"/>
        <file crc="1019620850" name="modules/org-netbeans-modules-progress-ui.jar"/>
    </module_version>
</module>
