<?xml version="1.0" encoding="UTF-8" standalone="no"?>
<module codename="org.netbeans.modules.masterfs/2">
    <module_version install_time="1360796268543" last="false" origin="installer" specification_version="2.41.1">
        <file crc="1644917168" name="config/Modules/org-netbeans-modules-masterfs.xml"/>
        <file crc="2448258202" name="modules/locale/org-netbeans-modules-masterfs_ja.jar"/>
        <file crc="3366850954" name="modules/locale/org-netbeans-modules-masterfs_pt_BR.jar"/>
        <file crc="3062884058" name="modules/locale/org-netbeans-modules-masterfs_ru.jar"/>
        <file crc="2385766725" name="modules/locale/org-netbeans-modules-masterfs_zh_CN.jar"/>
        <file crc="2064867031" name="modules/org-netbeans-modules-masterfs.jar"/>
    </module_version>
    <module_version install_time="1392147805427" last="true" origin="NetBeans Distribution" specification_version="2.41.2">
        <file crc="1644917168" name="config/Modules/org-netbeans-modules-masterfs.xml"/>
        <file crc="1928343212" name="modules/locale/org-netbeans-modules-masterfs_ja.jar"/>
        <file crc="1347834475" name="modules/locale/org-netbeans-modules-masterfs_pt_BR.jar"/>
        <file crc="3978493487" name="modules/locale/org-netbeans-modules-masterfs_ru.jar"/>
        <file crc="2547971777" name="modules/locale/org-netbeans-modules-masterfs_zh_CN.jar"/>
        <file crc="3067373359" name="modules/org-netbeans-modules-masterfs.jar"/>
    </module_version>
</module>
