<?xml version="1.0" encoding="UTF-8"?>
<module codename="org.netbeans.modules.sendopts/2">
    <module_version install_time="1360796458485" last="true" origin="installer" specification_version="2.25.1">
        <file crc="3090052921" name="config/Modules/org-netbeans-modules-sendopts.xml"/>
        <file crc="4070441201" name="modules/locale/org-netbeans-modules-sendopts_ja.jar"/>
        <file crc="266960234" name="modules/locale/org-netbeans-modules-sendopts_pt_BR.jar"/>
        <file crc="1193115568" name="modules/locale/org-netbeans-modules-sendopts_ru.jar"/>
        <file crc="1339395076" name="modules/locale/org-netbeans-modules-sendopts_zh_CN.jar"/>
        <file crc="1227034005" name="modules/org-netbeans-modules-sendopts.jar"/>
    </module_version>
</module>
